t_sec,x_m,y_m,alt_m,yaw_rad,cmd,session,role,gt_gps_spoof,gt_cmd_inject,gt_tel_anom
0,8.000914151239263,0.8012369849669619,99.93387294333542,-0.001985314117348895,NAV,valid,operator,0,0,0
1,16.01120704811716,1.60095564884201,99.90956323680047,0.020137416131136662,TAKEOFF,valid,operator,0,0,0
2,24.036242185260463,2.403336346461389,99.9305745722742,0.004916077988303302,ARM,valid,operator,0,0,0
3,32.07657428555397,3.2035499137198316,99.92545473694364,-0.015566368430096792,TAKEOFF,valid,operator,0,0,0
4,40.12350513496855,4.001310621808204,99.89292655592335,-0.010948666517373888,DISARM,valid,operator,0,0,0
5,48.17895010423175,4.799181306825659,99.85921593283713,-0.10699446281213297,HOLD,valid,operator,0,0,0
6,56.247160294248644,5.597430912978372,99.8235990796165,-0.08314270645081007,DISARM,valid,operator,0,0,0
7,64.3267567590485,6.395040971717315,99.77962359818355,-0.08317086130695801,TAKEOFF,valid,operator,0,0,0
8,72.41858341697656,7.186628294464318,99.89370524204736,-0.08118618497707993,NAV,valid,operator,0,0,0
9,80.52006945879026,7.9772679345296185,99.90858079560662,-0.03314946959735672,TAKEOFF,valid,operator,0,0,0
10,88.63634249308993,8.7629253471595,99.95291874832687,-0.13079024609976914,NAV,valid,operator,0,0,0
11,96.76702039204669,9.546387437958451,99.92846487492092,-0.22948193959271734,HOLD,valid,operator,0,0,0
12,104.90988301794874,10.323413397592793,99.91916704106161,-0.21579174732654136,LAND,valid,operator,0,0,0
13,113.06802165706954,11.09823317588542,99.8834893419931,-0.21614759008296713,NAV,valid,operator,0,0,0
14,121.23935733501631,11.867582659728855,99.75090392524714,-0.20763874292337053,LAND,valid,operator,0,0,0
15,129.41980249638974,12.630063429133148,99.68200346140475,-0.2307450966819928,RTL,valid,operator,0,0,0
16,137.6129268167267,13.390212294374214,99.59147252740573,-0.19752741296999624,NAV,valid,operator,0,0,0
17,145.81462570897858,14.146642689941459,99.47898333850814,-0.15089547082044025,DISARM,valid,operator,0,0,0
18,154.03028232831826,14.89704920154945,99.41921538979324,-0.1266963561228639,HOLD,valid,operator,0,0,0
19,162.25697562645885,15.646137783852186,99.48546317376233,-0.13973777904309306,TAKEOFF,valid,operator,0,0,0
20,170.49415788322145,16.389119209877155,99.48324136537711,-0.24512224842381322,DISARM,valid,operator,0,0,0
21,178.74019108438563,17.126880941170672,99.54776955349317,-0.20666043802195683,DISARM,valid,operator,0,0,0
22,187.00062902169424,17.8597458998512,99.56831868233822,-0.14557400471107718,ARM,valid,operator,0,0,0
23,195.27117715143314,18.58533791573412,99.60744662362397,-0.11334608411187817,DISARM,valid,operator,0,0,0
24,203.55084413906124,19.30603324708735,99.56240177385874,-0.1573282054802535,DISARM,valid,operator,0,0,0
25,211.8396821258106,20.019181206573272,99.58859932156837,-0.12363848579686561,LAND,valid,operator,0,0,0
26,220.14016160651443,20.72483654495847,99.62503503327208,-0.08061200039879333,TAKEOFF,valid,operator,0,0,0
27,228.45159287490716,21.42702208390972,99.59620266866041,-0.0026711880088390455,RTL,valid,operator,0,0,0
28,236.77392252638967,22.119736850008046,99.62417968719122,-0.04647668422023693,HOLD,valid,operator,0,0,0
29,245.10700351859404,22.799456657609394,99.65248907511996,-0.057799413447443854,RTL,valid,operator,0,0,0
30,253.455761112281,23.475609890436616,99.62501144406345,-0.02043581089027109,RTL,valid,operator,0,0,0
31,261.81233811858044,24.150222605992592,99.5688730224499,-0.017565307318363203,RTL,valid,operator,0,0,0
32,270.1761984044691,24.81598022195811,99.50966660585499,-0.07343168742092694,HOLD,valid,operator,0,0,0
33,278.5462132178466,25.468986029974797,99.51399188295106,-0.052700873169591794,RTL,valid,operator,0,0,0
34,286.9264422809387,26.112925015234325,99.53034237639052,-0.02376779147883346,HOLD,valid,operator,0,0,0
35,295.31818980945684,26.7476398905236,99.49071608486763,-0.019369646662283357,ARM,valid,operator,0,0,0
36,303.7174871992977,27.373149082156274,99.49204535193394,-0.008390400303286149,ARM,valid,operator,0,0,0
37,312.1219110464933,27.987026476940816,99.52057220374085,-0.021325695387572657,DISARM,valid,operator,0,0,0
38,320.5312588208372,28.59312831560173,99.55148173947413,0.05258825139823031,DISARM,valid,operator,0,0,0
39,328.94970156523345,29.191118661945115,99.62907574548025,0.007553642212596481,RTL,valid,operator,0,0,0
40,337.37725862046364,29.77595141516788,99.69292478709015,-0.021812395925592462,TAKEOFF,valid,operator,0,0,0
41,345.81306674083186,30.352693675185098,99.64286021545233,-0.021263120249216182,LAND,valid,operator,0,0,0
42,354.25323285013815,30.92439949725765,99.72703952592923,0.02268458113582845,TAKEOFF,valid,operator,0,0,0
43,362.7001789058335,31.48636411911095,99.70049070070144,-0.05218407736889838,NAV,valid,operator,0,0,0
44,371.15328362377016,32.03717758901276,99.75273434132416,-0.11769891485717034,NAV,valid,operator,0,0,0
45,379.6125745245158,32.577124431699204,99.75613367262672,-0.21958534024390625,ARM,valid,operator,0,0,0
46,388.079727884676,33.10784130270123,99.73552620370387,-0.2179505789812427,LAND,valid,operator,0,0,0
47,396.55251498068776,33.62352074477094,99.64514136071512,-0.2738658698415699,HOLD,valid,operator,0,0,0
48,405.03201344103684,34.12853727615169,99.6365631352043,-0.29309337534246577,NAV,valid,operator,0,0,0
49,413.5160980151977,34.62138926963474,99.55859397343902,-0.26002446584788036,HOLD,valid,operator,0,0,0
50,422.0051393376455,35.10728235413005,99.60695893523116,-0.29210160188702267,ARM,valid,operator,0,0,0
51,430.49986737261355,35.58120123685054,99.68279856808812,-0.28053750074985445,HOLD,valid,operator,0,0,0
52,438.9937178753101,36.04740818455112,99.64295301862329,-0.29550439613744056,HOLD,valid,operator,0,0,0
53,447.4898022032953,36.499096483793565,99.65805155574925,-0.2618986803826187,NAV,valid,operator,0,0,0
54,455.98736516058466,36.94017365250604,99.62178197964886,-0.23814227701521828,LAND,valid,operator,0,0,0
55,464.4855963339275,37.36984992120139,99.59035774314201,-0.2727389618239488,TAKEOFF,valid,operator,0,0,0
56,472.98528041699933,37.785130129921946,99.62908247833528,-0.28117154949397144,ARM,valid,operator,0,0,0
57,481.4914197234858,38.188386926231956,99.62715556524311,-0.2289843796079467,HOLD,valid,operator,0,0,0
58,489.99662276766884,38.58196990347138,99.71413796733967,-0.20931553609524187,DISARM,valid,operator,0,0,0
59,498.5060816713067,38.96206137498878,99.69002634340451,-0.27916363898279845,NAV,valid,operator,0,0,0
60,507.01153193902184,39.32525139215717,99.73999316002823,-0.24638273592422932,ARM,valid,operator,0,0,0
61,515.5167058240909,39.67543642094887,99.74486383067612,-0.30061326704604124,DISARM,valid,operator,0,0,0
62,524.0227840847041,40.0103749882353,99.78465273116335,-0.22998761354799094,HOLD,valid,operator,0,0,0
63,532.5307247125061,40.331297806767935,99.76229484829685,-0.1787826715559397,TAKEOFF,valid,operator,0,0,0
64,541.0405902392788,40.638721561304976,99.75981690641926,-0.16428839776001963,RTL,valid,operator,0,0,0
65,549.5523146765063,40.92864377197643,99.75404196245432,-0.15642675558820995,NAV,valid,operator,0,0,0
66,558.062159782474,41.20118013115507,99.71223910671203,-0.16687836838958095,DISARM,valid,operator,0,0,0
67,566.5694731729242,41.4612693517505,99.74534318344112,-0.13295217081957955,NAV,valid,operator,0,0,0
68,575.077905042157,41.70640861807555,99.77785563372004,-0.15149107929268263,HOLD,valid,operator,0,0,0
69,583.5839976704409,41.9316102654595,99.80753336846531,-0.13971258576068793,HOLD,valid,operator,0,0,0
70,592.0841891359398,42.14483105887384,99.88438165116119,-0.09611586743471537,TAKEOFF,valid,operator,0,0,0
71,600.5785991563885,42.344763396079436,99.95684889122302,-0.12420619461099486,HOLD,valid,operator,0,0,0
72,609.0675632453895,42.528967234968135,99.93810165673055,-0.1550158316105296,ARM,valid,operator,0,0,0
73,617.5550269304985,42.69592706048919,99.95675427265226,-0.21473410564675255,RTL,valid,operator,0,0,0
74,626.0396235649885,42.850745437592586,99.92557423818936,-0.2679577429530612,LAND,valid,operator,0,0,0
75,634.5226969448578,42.99219577900704,99.92674200399507,-0.3593775085251363,DISARM,valid,operator,0,0,0
76,643.000595719827,43.12510349512929,99.89675453153913,-0.3228860690743598,NAV,valid,operator,0,0,0
77,651.4747815635326,43.244709113737834,99.97775804699594,-0.23244034197022123,TAKEOFF,valid,operator,0,0,0
78,659.9463625424152,43.350889720984846,99.99594295451308,-0.16117389479670596,HOLD,valid,operator,0,0,0
79,668.4122435608822,43.44227399903785,99.98504149810786,-0.2424781192280318,RTL,valid,operator,0,0,0
80,676.8744356817692,43.52118739252791,100.04472242670069,-0.20623538565022181,DISARM,valid,operator,0,0,0
81,685.3292986608939,43.587139169869815,99.93619165621091,-0.135130068154044,ARM,valid,operator,0,0,0
82,693.7774483133218,43.641607373249684,99.83548652646765,-0.15797056719097718,TAKEOFF,valid,operator,0,0,0
83,702.218551300613,43.68031558348576,99.87527845922864,-0.1528981956584747,TAKEOFF,valid,operator,0,0,0
84,710.6498917194299,43.70345368966264,99.87830188163451,-0.25329284819870823,TAKEOFF,valid,operator,0,0,0
85,719.076248267274,43.71090531568243,99.89082419664754,-0.23995603979987615,HOLD,valid,operator,0,0,0
86,727.4944861085875,43.70571153222939,99.82450439148163,-0.293134026271612,DISARM,valid,operator,0,0,0
87,735.9057894154962,43.68956862035375,99.8233427059391,-0.28315227537603627,ARM,valid,operator,0,0,0
88,744.3113057856531,43.657782178946675,99.92351817645917,-0.3612124214854803,LAND,valid,operator,0,0,0
89,752.7106799306423,43.610441690220014,99.96472815744896,-0.3340695102616005,RTL,valid,operator,0,0,0
90,761.1043204461884,43.54933292312364,99.97321348470611,-0.282843876490266,RTL,valid,operator,0,0,0
91,769.4896925853005,43.47312959193609,99.95126078920086,-0.32200286957602436,RTL,valid,operator,0,0,0
92,777.8655837571014,43.384728575062915,99.93153214660738,-0.3788489986465461,ARM,valid,operator,0,0,0
93,786.2327916811523,43.276467587786314,99.82507225214738,-0.48665015077404516,LAND,valid,operator,0,0,0
94,794.5862657653256,43.15179849165218,99.83795427319345,-0.499970827477804,TAKEOFF,valid,operator,0,0,0
95,802.9265043516629,43.01086403587126,99.88022842861753,-0.5290505241918843,HOLD,valid,operator,0,0,0
96,811.253663913462,42.850014377602285,99.801447462259,-0.606601494809287,RTL,valid,operator,0,0,0
97,819.568509737827,42.672551593859204,99.76837661764367,-0.5839505569936785,RTL,valid,operator,0,0,0
98,827.8750276426151,42.47864272435366,99.71050338603199,-0.6064490760869109,NAV,valid,operator,0,0,0
99,836.1691025768909,42.27005688523456,99.66223582629155,-0.6602358740191725,NAV,valid,operator,0,0,0
100,844.4521232778355,42.05000793066185,99.66490990763265,-0.6879644943011949,HOLD,valid,operator,0,0,0
101,852.7289349052002,41.81530135412701,99.56068979988322,-0.6343992673547141,ARM,valid,operator,0,0,0
102,860.9943902857688,41.56412075639702,99.59140332180108,-0.604252420166953,LAND,valid,operator,0,0,0
103,869.2515964910749,41.29887743562864,99.62909607529777,-0.6107537232418775,ARM,valid,operator,0,0,0
104,877.4953723925239,41.02230473905943,99.61654094589592,-0.5797984723186349,HOLD,valid,operator,0,0,0
105,885.7277414446936,40.729625566010746,99.49250552039669,-0.6378440701379718,RTL,valid,operator,0,0,0
106,893.9463155520385,40.4210846051066,99.44268458909657,-0.6362255651016203,ARM,valid,operator,0,0,0
107,902.1527801796341,40.100300041759525,99.50432968580171,-0.6288594485772968,DISARM,valid,operator,0,0,0
108,910.3505327816356,39.76549645047281,99.36542997176528,-0.6523512740022331,NAV,valid,operator,0,0,0
109,918.5317369231045,39.41886071836762,99.3480538011556,-0.6305783572043623,ARM,valid,operator,0,0,0
110,926.7027513906763,39.058911792108105,99.28905376223224,-0.6696000299365849,RTL,valid,operator,0,0,0
111,934.8628668573792,38.687476469079925,99.32928227731148,-0.6441089945477789,HOLD,valid,operator,0,0,0
112,943.0094756609427,38.300500975111746,99.2955265797043,-0.6165160559712143,RTL,valid,operator,0,0,0
113,951.139917399326,37.90055921648184,99.31572428074108,-0.7623740500060676,LAND,valid,operator,0,0,0
114,959.2586493489429,37.48729753894693,99.34399730169955,-0.7028587648305618,HOLD,valid,operator,0,0,0
115,967.3637768109429,37.05843069495623,99.43580859368605,-0.8552403930981994,LAND,valid,operator,0,0,0
116,975.4575039695023,36.61325590422865,99.42566149650227,-0.8860428443760057,NAV,valid,operator,0,0,0
117,983.5391235909021,36.15730689059682,99.4444637149834,-0.8347754426631179,HOLD,valid,operator,0,0,0
118,991.6133083016456,35.68823525541065,99.37021094102704,-0.8506397789257399,TAKEOFF,valid,operator,0,0,0
119,999.6744751941983,35.20457355596674,99.42973161919171,-0.923949078049217,RTL,valid,operator,0,0,0
120,1007.7202200259309,34.7086921917335,99.39170617678815,-0.9786359311350505,TAKEOFF,valid,operator,0,0,0
121,1015.7541070185205,34.20368095680045,99.36366846858377,-0.9272906438190196,RTL,valid,operator,0,0,0
122,1023.7762219842962,33.68151446745269,99.36255607884131,-1.0233658703464514,LAND,valid,operator,0,0,0
123,1031.7899539147197,33.1442340555761,99.28441186157431,-0.9669163152983505,DISARM,valid,operator,0,0,0
124,1039.7937097870592,32.593380029295886,99.29585036302076,-0.969671420250465,DISARM,valid,operator,0,0,0
125,1047.7860418874743,32.03484120291714,99.34422367666701,-1.0292911867725867,ARM,valid,operator,0,0,0
126,1055.7702643267648,31.46595971309341,99.35887036784187,-1.0584469403877212,ARM,valid,operator,0,0,0
127,1063.738423534222,30.88807331278064,99.27942548963294,-1.1093081574428032,DISARM,valid,operator,0,0,0
128,1071.6921769817209,30.296782040245425,99.27323502491646,-1.0659968973998768,NAV,valid,operator,0,0,0
129,1079.6306824370056,29.692316908117707,99.31033647006542,-1.029375506911735,ARM,valid,operator,0,0,0
130,1087.5555762317197,29.078624534615553,99.21643703176713,-1.1153335636055373,NAV,valid,operator,0,0,0
131,1095.4639315460486,28.454958409934484,99.16269873107625,-1.135513169531504,LAND,valid,operator,0,0,0
132,1103.361825455354,27.822687376816845,99.20652591128032,-1.1786724526487178,NAV,valid,operator,0,0,0
133,1111.246735131666,27.180239059560957,99.22003068299018,-1.1139969542257493,ARM,valid,operator,0,0,0
134,1119.1149718152312,26.52892963673724,99.24062926209652,-1.1815019101320703,LAND,valid,operator,0,0,0
135,1126.9679658411887,25.868672422335006,99.33360400247768,-1.1012904548978195,TAKEOFF,valid,operator,0,0,0
136,1134.8097767638762,25.20115902872587,99.357031641403,-1.1029551918736664,NAV,valid,operator,0,0,0
137,1142.6420582738901,24.52666710621976,99.38992604192465,-1.1610519121926708,ARM,valid,operator,0,0,0
138,1150.4683735636156,23.839582561462095,99.52546331828557,-1.1949156213931347,RTL,valid,operator,0,0,0
139,1158.2915688795576,23.13861293959857,99.51477309038106,-1.2349965634315572,HOLD,valid,operator,0,0,0
140,1166.1042481274903,22.431771978082278,99.47487895220013,-1.2987274835323324,DISARM,valid,operator,0,0,0
141,1173.902309078803,21.719724867785164,99.49626877211249,-1.2939861405458135,NAV,valid,operator,0,0,0
142,1181.682441103735,20.99739307613395,99.51821832358193,-1.3553819180804056,TAKEOFF,valid,operator,0,0,0
143,1189.4519675778545,20.262986586369948,99.49188255398462,-1.464400228517315,TAKEOFF,valid,operator,0,0,0
144,1197.2077777758832,19.521433296004016,99.44026270300688,-1.4833840520597237,TAKEOFF,valid,operator,0,0,0
145,1204.951202729763,18.774958583258247,99.55575492411138,-1.5735268618806177,HOLD,valid,operator,0,0,0
146,1212.6817974629337,18.025874078660124,99.57209709763077,-1.6111349052839938,ARM,valid,operator,0,0,0
147,1220.4011280060379,17.27133837381447,99.53548282856067,-1.6565900497141617,NAV,valid,operator,0,0,0
148,1228.1129735611153,16.50945615037532,99.58127934367465,-1.7001508533154523,LAND,valid,operator,0,0,0
149,1235.8147728983463,15.739214064448255,99.5758220860966,-1.6001026982359448,LAND,valid,operator,0,0,0
150,1243.505751105698,14.963023217085446,99.5631780137807,-1.5972821198774663,RTL,valid,operator,0,0,0
151,1251.1834557300324,14.180379969921528,99.59129165737642,-1.5850135694276997,DISARM,valid,operator,0,0,0
152,1258.8461546411913,13.389810370835399,99.52669754396484,-1.6738334842448144,LAND,valid,operator,0,0,0
153,1266.497604159914,12.598913386814699,99.5443289041607,-1.7065316409266604,RTL,valid,operator,0,0,0
154,1274.139299176632,11.807303932551845,99.63997664454729,-1.6957665094295848,DISARM,valid,operator,0,0,0
155,1281.7769081385045,11.013673296625711,99.66328552765715,-1.7469929550752352,ARM,valid,operator,0,0,0
156,1289.4057272574682,10.213335666588213,99.64447492246798,-1.7015898128993359,LAND,valid,operator,0,0,0
157,1297.0285288442228,9.410805361674727,99.61911965844656,-1.7617246421943873,NAV,valid,operator,0,0,0
158,1304.6410873124728,8.605819073967039,99.5986026597793,-1.7760429489876461,LAND,valid,operator,0,0,0
159,1312.241571702233,7.798158763988733,99.58590452587693,-1.8053455309864241,DISARM,valid,operator,0,0,0
160,1319.8308728032862,6.990017708341771,99.56701419923901,-1.7971294980173282,HOLD,valid,operator,0,0,0
161,1327.409946776188,6.180178940949724,99.61282977129274,-1.8291540016100996,ARM,valid,operator,0,0,0
162,1334.9875962286858,5.369152010352253,99.52616931613228,-1.8426986829636465,NAV,valid,operator,0,0,0
163,1342.555217992853,4.556948842450681,99.56926931865289,-1.8545051875525458,NAV,valid,operator,0,0,0
164,1350.1180428246053,3.743119040660704,99.55028499239576,-1.8912245754221109,DISARM,valid,operator,0,0,0
165,1357.6711021730764,2.9228251260962956,99.56913238168053,-1.8669698819972553,DISARM,valid,operator,0,0,0
166,1365.2201596473276,2.1008102650395153,99.51278298617049,-1.8550504632553841,HOLD,valid,operator,0,0,0
167,1372.763839737356,1.2758013504227264,99.57921453951296,-1.8594811605180426,DISARM,valid,operator,0,0,0
168,1380.3007861151434,0.446324617346615,99.64149628752156,-1.8810040771911405,HOLD,valid,operator,0,0,0
169,1387.8316187600478,-0.38024850176531944,99.68947581380905,-1.8411768756651405,NAV,valid,operator,0,0,0
170,1395.354771694263,-1.2035409492912854,99.61373807501938,-1.8529685878558495,LAND,valid,operator,0,0,0
171,1402.8738271670877,-2.0241760686812587,99.65519412857269,-1.8683034522471464,RTL,valid,operator,0,0,0
172,1410.386365078206,-2.8445391613192457,99.67543688295447,-1.86306895075274,HOLD,valid,operator,0,0,0
173,1417.8903598477114,-3.661736810705093,99.59517332059784,-1.7782396166041976,HOLD,valid,operator,0,0,0
174,1425.3859438084107,-4.478717135943192,99.5939584514093,-1.8452574270052577,RTL,valid,operator,0,0,0
175,1432.8777607254922,-5.2947579599281065,99.61218517586096,-1.80676458235249,LAND,valid,operator,0,0,0
176,1440.3703249755486,-6.112706085816962,99.63998893955213,-1.9014231404143953,HOLD,valid,operator,0,0,0
177,1447.8596766198114,-6.928720398621293,99.64885200789956,-1.8905594825029641,ARM,valid,operator,0,0,0
178,1455.3452794363645,-7.7433450709749305,99.66341357874194,-1.8118053411225277,ARM,valid,operator,0,0,0
179,1462.8286486069678,-8.559588125382188,99.73709414835459,-1.7873719148991623,TAKEOFF,valid,operator,0,0,0
180,1470.3131483786426,-9.37418329951977,99.79839584385012,-1.7788406609721725,HOLD,valid,operator,0,0,0
181,1477.7958243559196,-10.186936886318193,99.65504309616098,-1.8068631344123263,RTL,valid,operator,0,0,0
182,1485.275092622987,-10.993081875097085,99.6391711684191,-1.8053107743878987,LAND,valid,operator,0,0,0
183,1492.7558132003114,-11.794525546216162,99.6309386170419,-1.8179139151580666,TAKEOFF,valid,operator,0,0,0
184,1500.2362630302591,-12.59312663283106,99.54333368840555,-1.8572127455546343,LAND,valid,operator,0,0,0
185,1507.7200736237564,-13.388056535264141,99.54804284131717,-1.8717065263283779,RTL,valid,operator,0,0,0
186,1515.2034987074292,-14.179548270365178,99.61048072993769,-1.8617874682970559,ARM,valid,operator,0,0,0
187,1522.6826270466386,-14.967938079895141,99.55615233695816,-1.900148321723588,NAV,valid,operator,0,0,0
188,1530.157339836216,-15.755081120441128,99.57297238389266,-1.940462412757822,NAV,valid,operator,0,0,0
189,1537.637006797299,-16.538487687017778,99.52718121002783,-2.0084745846374306,DISARM,valid,operator,0,0,0
190,1545.1221586021295,-17.319332841720406,99.49358560884386,-1.9889383333329858,DISARM,valid,operator,0,0,0
191,1552.6073979586379,-18.098575095465883,99.56745529055236,-1.9616721702346327,LAND,valid,operator,0,0,0
192,1560.092425733935,-18.871736669873872,99.54032739954677,-1.9500891480228069,HOLD,valid,operator,0,0,0
193,1567.583087108088,-19.6388569778837,99.56343802399729,-1.9018306233863735,HOLD,valid,operator,0,0,0
194,1575.0719871156502,-20.40491635511628,99.46987711819425,-1.897437241532337,NAV,valid,operator,0,0,0
195,1582.5600722422819,-21.165676117309378,99.56299299626399,-1.8778366946640492,LAND,valid,operator,0,0,0
196,1590.0522650108426,-21.91820895786639,99.59312561857932,-1.862644823382171,ARM,valid,operator,0,0,0
197,1597.545758626031,-22.66212117261207,99.58400062644681,-1.8672218243530814,TAKEOFF,valid,operator,0,0,0
198,1605.0420269852343,-23.397253648931233,99.6127779519468,-1.8937629157595637,ARM,valid,operator,0,0,0
199,1612.5408988292477,-24.12573785083288,99.54228698049941,-1.7830552849699681,HOLD,valid,operator,0,0,0
200,1596.5996630080185,-148.66273072606865,99.60141351758703,-1.8056528339626436,NAV,valid,operator,1,0,0
201,1604.1108608372183,-149.38203143540298,99.58521427881222,-1.8389467195186655,TAKEOFF,valid,operator,1,0,0
202,1611.6263229920598,-150.09325206312957,99.5750108030598,-1.8172462283461601,NAV,valid,operator,1,0,0
203,1619.1480043778047,-150.79608136667628,99.55042802231152,-1.8046535075814099,DISARM,valid,operator,1,0,0
204,1626.6681148258772,-151.48811447420354,99.52139545217425,-1.8748930849619263,HOLD,valid,operator,1,0,0
205,1665.4411820727469,-273.10605860256464,99.55612898275567,-1.8187591722337393,LAND,valid,operator,1,0,0
206,1672.9686406952321,-273.7796895212253,99.56892432526088,-1.823468901001281,DISARM,valid,operator,1,0,0
207,1680.4978810556483,-274.44793886428454,99.60151173233103,-1.879015455762067,DISARM,valid,operator,1,0,0
208,1688.030204774726,-275.10837147329346,99.60107199785675,-1.8195762500443733,NAV,valid,operator,1,0,0
209,1695.5675200044445,-275.7594880545207,99.62673198841061,-1.7882924714645656,DISARM,valid,operator,1,0,0
210,1582.8007549165957,-305.29283057777815,99.60578955121436,-1.8515195710619614,DISARM,valid,operator,1,0,0
211,1590.3496394792048,-305.927605207879,99.71727614328483,-1.7626604290490753,DISARM,valid,operator,1,0,0
212,1597.90541485866,-306.55235971152047,99.6388796224633,-1.7297205606307657,NAV,valid,operator,1,0,0
213,1605.4667967222133,-307.1687104677304,99.70192648864146,-1.730230366412018,TAKEOFF,valid,operator,1,0,0
214,1613.0345102172712,-307.7767584712684,99.77032186117751,-1.650719426130929,RTL,valid,operator,1,0,0
215,1719.1214007044878,-235.66863397624917,99.72771392087922,-1.642754536939447,DISARM,valid,operator,1,0,0
216,1726.7091146534808,-236.2567014925408,99.83917760140703,-1.6441586906946486,DISARM,valid,operator,1,0,0
217,1734.3088943695107,-236.83380216370466,99.88895211555429,-1.677173696495748,HOLD,valid,operator,1,0,0
218,1741.9165005843217,-237.39968263668794,99.93750906589544,-1.648081174530394,TAKEOFF,valid,operator,1,0,0
219,1749.530540249231,-237.95755320912025,99.93891017524673,-1.6242510261641951,NAV,valid,operator,1,0,0
220,1659.4969637649722,-255.48594476646213,99.92804886733579,-1.6235170191697095,RTL,valid,operator,1,0,0
221,1667.1287742427253,-256.01950479333186,99.91757842598382,-1.6630163368630897,HOLD,valid,operator,1,0,0
222,1674.7702969903062,-256.54459075902076,99.9371049557998,-1.656519844154786,NAV,valid,operator,1,0,0
223,1682.417958249986,-257.0633281742202,100.00716426955148,-1.6600097834428929,NAV,valid,operator,1,0,0
224,1690.0754859123972,-257.57494380538435,100.01622998044456,-1.726683499379603,ARM,valid,operator,1,0,0
225,1636.9023542097511,-385.3937725856644,99.9706577992877,-1.8002741169458123,NAV,valid,operator,1,0,0
226,1644.587894507886,-385.88159403063685,100.01187915240695,-1.7720164480053238,RTL,valid,operator,1,0,0
227,1652.289233576027,-386.3576456512193,100.05793668972669,-1.9021108637579083,TAKEOFF,valid,operator,1,0,0
228,1659.9983596969607,-386.8185850679614,100.09066966614907,-1.8918403374098454,DISARM,valid,operator,1,0,0
229,1667.7171425309232,-387.273599113619,100.12794461147531,-1.9157444902975367,ARM,valid,operator,1,0,0
230,1603.221221258174,-435.00946189669537,100.11439820496743,-1.8503321599535412,RTL,valid,operator,1,0,0
231,1610.9553692128995,-435.43468818823897,100.0679487466109,-1.875005570411235,HOLD,valid,operator,1,0,0
232,1618.701459233304,-435.84987956021786,100.02453907507886,-1.8420313596986402,LAND,valid,operator,1,0,0
233,1626.4623072458583,-436.2531154342228,99.94276591265597,-1.8618770517605299,DISARM,valid,operator,1,0,0
234,1634.232246656399,-436.64517002847293,99.95461334323326,-1.8561896440862227,HOLD,valid,operator,1,0,0
235,1632.434804659826,-532.0666348057931,99.95044090407194,-1.81934781754022,RTL,valid,operator,1,0,0
236,1640.2192834404623,-532.4352960710657,99.92844151884545,-1.842475603356449,RTL,valid,operator,1,0,0
237,1648.0149249112908,-532.787205505222,99.7806605776282,-1.792647859131529,HOLD,valid,operator,1,0,0
238,1655.8191393759098,-533.1212755583082,99.71829470414349,-1.8423327529868532,TAKEOFF,valid,operator,1,0,0
239,1663.6336279585796,-533.4426228653044,99.77433673671365,-1.8276031108589341,HOLD,valid,operator,1,0,0
240,1556.6392205544632,-610.1587265008073,99.74110543671048,-1.7814711247195414,TAKEOFF,valid,operator,1,0,0
241,1564.4747975239366,-610.4480781581985,99.75913502059333,-1.7484692501300247,HOLD,valid,operator,1,0,0
242,1572.3172256283874,-610.7194208729558,99.68960074909457,-1.6526470062932543,RTL,valid,operator,1,0,0
243,1580.1674491253016,-610.9771061444271,99.76153602321253,-1.6908189721587874,TAKEOFF,valid,operator,1,0,0
244,1588.036321477366,-611.2205188299483,99.75433464020979,-1.7597764347262168,TAKEOFF,valid,operator,1,0,0
245,1531.7764122259491,-508.37985467174985,99.76883666003397,-1.8094931901509728,LAND,valid,operator,1,0,0
246,1539.6628172512442,-508.5866332942426,99.88512564962807,-1.7764710618235509,NAV,valid,operator,1,0,0
247,1547.5671417735123,-508.7772085012084,99.96094765465753,-1.751574915110082,TAKEOFF,valid,operator,1,0,0
248,1555.4926239939175,-508.95526271900087,99.94561937359317,-1.746462082127711,RTL,valid,operator,1,0,0
249,1563.4270599751517,-509.116719524137,99.91595836434966,-1.8026099345830675,LAND,valid,operator,1,0,0
250,1644.466940312585,-593.1160197951693,99.89968111377368,-1.7642665699166145,LAND,valid,operator,1,0,0
251,1652.4262798464058,-593.2508354695279,99.9251760261975,-1.8255018087991415,LAND,valid,operator,1,0,0
252,1660.4033050312912,-593.3690668714448,99.91991481948496,-1.7675543296802965,DISARM,valid,operator,1,0,0
253,1668.3898639490023,-593.4727856066364,99.90015261223479,-1.6246824085233031,RTL,valid,operator,1,0,0
254,1676.3881682746332,-593.5613680389632,99.97351167477024,-1.6063598511947257,NAV,valid,operator,1,0,0
255,1554.7737312374418,-609.8073900374492,99.96780118018135,-1.5772044444118385,DISARM,valid,operator,1,0,0
256,1562.8005639806886,-609.8661258249003,100.08278063483321,-1.6018474328566166,TAKEOFF,valid,operator,1,0,0
257,1570.8386635641725,-609.9093137222869,100.08731776302082,-1.6923580989109575,NAV,valid,operator,1,0,0
258,1578.8887128208196,-609.9426118823933,100.17658368273206,-1.7224940670624687,LAND,valid,operator,1,0,0
259,1586.9469366466426,-609.9597661301374,100.1944496538676,-1.7771388291174062,DISARM,valid,operator,1,0,0
260,1595.016685635744,-609.9647322143402,100.24259768253006,-1.8494890579381569,NAV,valid,operator,0,0,0
261,1603.0978079253903,-609.9586187422631,100.20636712995417,-1.7633710608383744,LAND,valid,operator,0,0,0
262,1611.191724358833,-609.9381131257439,100.16367916882481,-1.7497279349370858,DISARM,valid,operator,0,0,0
263,1619.2959900552307,-609.9028871701117,100.18666446657556,-1.7307435559063866,LAND,valid,operator,0,0,0
264,1627.413595713155,-609.8548251907578,100.23609212869883,-1.7461946741661991,ARM,valid,operator,0,0,0
265,1635.5460675128859,-609.7902914360182,100.23810495379885,-1.754838228288371,RTL,valid,operator,0,0,0
266,1643.690728851236,-609.7145295280923,100.17378528704467,-1.7066106941764043,TAKEOFF,valid,operator,0,0,0
267,1651.8480566390806,-609.6253276134402,100.1057723687302,-1.708227550111165,LAND,valid,operator,0,0,0
268,1660.0170357462605,-609.5231501925621,100.03441554862088,-1.6816928532099285,ARM,valid,operator,0,0,0
269,1668.1973804509014,-609.4067475978808,99.94603444297391,-1.6914930681021791,DISARM,valid,operator,0,0,0
270,1676.3867922137417,-609.2753857059305,99.95150871094627,-1.7086007126387814,TAKEOFF,valid,operator,0,0,0
271,1684.5882445602194,-609.1322044181841,100.00776090703167,-1.7789464209188746,NAV,valid,operator,0,0,0
272,1692.8003485847296,-608.9731029040062,100.00709011768544,-1.877833874037231,TAKEOFF,valid,operator,0,0,0
273,1701.0295212496123,-608.7997293151265,99.89406937981853,-1.890911969090551,LAND,valid,operator,0,0,0
274,1709.2740419694103,-608.6168412751522,99.88453135680182,-1.8880871344908894,NAV,valid,operator,0,0,0
275,1717.530180431688,-608.4246691256407,99.87639140697019,-1.952393636326329,LAND,valid,operator,0,0,0
276,1725.794315600485,-608.2186168294702,99.98119134448145,-1.9541173795780606,ARM,valid,operator,0,0,0
277,1734.065218660003,-607.999264756058,99.90833444883548,-1.9514297514285355,HOLD,valid,operator,0,0,0
278,1742.3496132051307,-607.766414978079,99.88880056870552,-2.0592301517315046,DISARM,valid,operator,0,0,0
279,1750.6445207878362,-607.5199751750996,99.97409320273275,-2.1049863847054797,DISARM,valid,operator,0,0,0
280,1758.9503942461272,-607.2594300901997,99.99659211980007,-2.084623190018706,TAKEOFF,valid,operator,0,0,0
281,1767.2603540942148,-606.9831444363437,100.0247577734759,-2.065270253548919,NAV,valid,operator,0,0,0
282,1775.5822052830947,-606.6961614042874,100.03048699532708,-2.122953999368907,NAV,valid,operator,0,0,0
283,1783.9143119430867,-606.3987336717615,100.04698417225995,-2.11503159684392,HOLD,valid,operator,0,0,0
284,1792.2517571485262,-606.0907834643731,100.08586464877388,-2.0639112355758966,HOLD,valid,operator,0,0,0
285,1800.596229826085,-605.7691087308481,100.04539033282924,-2.025057587626352,ARM,valid,operator,0,0,0
286,1808.9497026348338,-605.4315346311565,100.08929326177464,-2.029821876977049,LAND,valid,operator,0,0,0
287,1817.311303626244,-605.0822081554811,100.02064311093037,-2.0532206926432637,TAKEOFF,valid,operator,0,0,0
288,1825.6797557075733,-604.7262262978043,100.03706150957194,-2.084687916859989,NAV,valid,operator,0,0,0
289,1834.0553769192866,-604.3618068752093,100.04599855773627,-2.061296927714506,LAND,valid,operator,0,0,0
290,1842.437469111259,-603.9869960478914,100.01518390332666,-2.051541729057362,RTL,valid,operator,0,0,0
291,1850.8269887037832,-603.6012736279606,100.01404963956037,-2.020071528752252,NAV,valid,operator,0,0,0
292,1859.2276309300196,-603.2044257992293,99.9829226319271,-2.013477838096194,DISARM,valid,operator,0,0,0
293,1867.6270155911243,-602.7955284364556,99.929337565584,-1.972539640578822,NAV,valid,operator,0,0,0
294,1876.0318623377261,-602.3755748802853,99.91165682850333,-1.9678100139309371,HOLD,valid,operator,0,0,0
295,1884.4431376262883,-601.9414549813846,99.85645739673474,-1.9285755781243528,TAKEOFF,valid,operator,0,0,0
296,1892.8609225832324,-601.4974699037263,99.8725972699394,-1.8850344396060208,TAKEOFF,valid,operator,0,0,0
297,1901.2829326511946,-601.0442308737089,99.8150929952318,-1.9252607711172616,HOLD,valid,operator,0,0,0
298,1909.7047292390562,-600.5786868749749,99.85069184638134,-2.0156679734607987,HOLD,valid,operator,0,0,0
299,1918.13227916884,-600.1058442855442,99.7916178929849,-1.9384933306600711,LAND,valid,operator,0,0,0
300,1926.569490194269,-599.6212574711338,99.76330314720585,-1.925660394124458,NAV,valid,operator,0,0,0
301,1935.0062855707586,-599.1257943040865,99.7320729767951,-2.0113846888992644,DISARM,valid,operator,0,0,0
302,1943.4495626407654,-598.6202370279368,99.79833031323884,-2.0470756637602,RTL,valid,operator,0,0,0
303,1951.8954461875257,-598.1006056257492,99.81484481051966,-2.0084819491417085,ARM,valid,operator,0,0,0
304,1960.3444374117018,-597.5723943581373,99.80425812039245,-2.022465790698353,LAND,valid,operator,0,0,0
305,1968.793259131655,-597.0293576415907,99.82919409244593,-2.0480688616643095,RTL,valid,operator,0,0,0
306,1977.2437623471099,-596.4771769234322,99.72383447507944,-1.9780247686486612,NAV,valid,operator,0,0,0
307,1985.7005445551224,-595.9185749054642,99.7216777955974,-2.0303891259678517,HOLD,valid,operator,0,0,0
308,1994.1611460956817,-595.3505209748643,99.82155350448764,-2.0702967938555936,NAV,valid,operator,0,0,0
309,2002.6287071513896,-594.7759710297887,99.82817082980777,-2.05972747010318,RTL,valid,operator,0,0,0
310,2011.1012531350495,-594.1943543997133,99.83156648826623,-2.040204723500486,HOLD,valid,operator,0,0,0
311,2019.576258275101,-593.603125027053,99.85897290724834,-2.0153875717834495,HOLD,valid,operator,0,0,0
312,2028.0573256055084,-593.0021162937703,99.90375316941406,-1.9698256695550023,TAKEOFF,valid,operator,0,0,0
313,2036.5402282736247,-592.3943714903911,99.80387983476957,-1.9598967385209265,NAV,valid,operator,0,0,0
314,2045.0258209120045,-591.7762470534648,99.71976351068002,-1.935427541574006,HOLD,valid,operator,0,0,0
315,2053.5104173620084,-591.1475567959135,99.73027807523432,-1.9483880045397604,HOLD,valid,operator,0,0,0
316,2061.994794559242,-590.5078562457431,99.69453424713946,-1.9452530893779247,NAV,valid,operator,0,0,0
317,2070.4763484418763,-589.8595490687467,99.76013551025045,-1.939876380375243,RTL,valid,operator,0,0,0
318,2078.9598283371524,-589.2008631870153,99.74437679075619,-1.9291214735842912,TAKEOFF,valid,operator,0,0,0
319,2087.4384195380426,-588.5398166536918,99.64765025397053,-1.8904944832051531,HOLD,valid,operator,0,0,0
320,2095.917693808159,-587.8728927087939,99.58424955812833,-1.8627371991079116,SPOOF_CMD,valid,attacker,0,1,0
321,2104.394422984954,-587.2016455648574,99.4467657571468,-1.8605263489629025,SPOOF_CMD,valid,attacker,0,1,0
322,2112.8723848376767,-586.5239467598077,99.43505948028266,-1.9009826482099546,TAKEOFF,valid,operator,0,1,0
323,2121.3500117324056,-585.8416944445775,99.42564027391944,-1.897599085306819,RAW_PWM,missing,attacker,0,1,0
324,2129.83020811818,-585.1541584092204,99.40441713843035,-1.8989999745516062,OVERRIDE,valid,attacker,0,1,0
325,2138.3094013058217,-584.456667023023,99.45836109038183,-1.8893408955609463,RAW_PWM,valid,attacker,0,1,0
326,2146.7803817728063,-583.7543909987087,99.51828708220766,-1.7790146302039263,NAV,valid,operator,0,1,0
327,2155.24736588796,-583.0461777890091,99.50976766103986,-1.805203269130988,NAV,valid,operator,0,1,0
328,2163.706741968862,-582.3338274580449,99.40303297766602,-1.78408881817472,HOLD,valid,operator,0,1,0
329,2172.160177234575,-581.6168519155806,99.43389705669063,-1.730665714812505,SPOOF_CMD,valid,attacker,0,1,0
330,2180.61346898803,-580.8956709704071,99.46166506811606,-1.725765619107536,SPOOF_CMD,valid,attacker,0,1,0
331,2189.0637078465597,-580.1694770071358,99.47713464662391,-1.6088733631489276,OVERRIDE,valid,attacker,0,1,0
332,2197.5065992219197,-579.4368044892417,99.52620863408931,-1.6277753277355014,DIRECT_SETPOINT,valid,attacker,0,1,0
333,2205.940916839282,-578.6967528501136,99.46796722926626,-1.611570866619499,SPOOF_CMD,valid,attacker,0,1,0
334,2214.3695217407085,-577.9527903203714,99.56840499857552,-1.651511153864148,OVERRIDE,valid,attacker,0,1,0
335,2222.7883910748815,-577.2045036960857,99.52043361091842,-1.6690873906213126,TAKEOFF,valid,operator,0,1,0
336,2231.198890080307,-576.4563295466926,99.55789475727846,-1.6566406951014798,OVERRIDE,missing,attacker,0,1,0
337,2239.603701157981,-575.7059771595157,99.4735273725578,-1.6143254919860934,TAKEOFF,valid,operator,0,1,0
338,2248.0050913071063,-574.9512401833988,99.4270141381943,-1.5983707502849147,OVERRIDE,valid,attacker,0,1,0
339,2256.4011622715634,-574.1925589394831,99.50283257053056,-1.5354150078181779,DIRECT_SETPOINT,valid,attacker,0,1,0
340,2264.78295975967,-573.431766457124,99.48978757938052,-1.5401632733478114,HOLD,valid,operator,0,0,0
341,2273.1580212259123,-572.6675063521855,99.53178370963715,-1.5567716998397616,HOLD,valid,operator,0,0,0
342,2281.525404937047,-571.9009916711318,99.54363147907313,-1.4215724444757922,DISARM,valid,operator,0,0,0
343,2289.8858966628404,-571.130783416044,99.53838357127312,-1.4018605620036908,LAND,valid,operator,0,0,0
344,2298.24286864438,-570.3593320256635,99.60657608751974,-1.4378346393026182,TAKEOFF,valid,operator,0,0,0
345,2306.5850530506505,-569.5884499849981,99.59474314628716,-1.4725478274150217,NAV,valid,operator,0,0,0
346,2314.9166421724485,-568.8167420401361,99.50570624090898,-1.5196818231415887,RTL,valid,operator,0,0,0
347,2323.2409634387077,-568.0523120842328,99.46554423631139,-1.4728533553487493,NAV,valid,operator,0,0,0
348,2331.5512863970152,-567.2874721318101,99.49310382274648,-1.4910722199934114,NAV,valid,operator,0,0,0
349,2339.8565765106196,-566.532161497971,99.5128792780646,-1.484704096210587,TAKEOFF,valid,operator,0,0,0
350,2348.153309747746,-565.7820242470949,99.43452636555283,-1.4878795299325005,TAKEOFF,valid,operator,0,0,0
351,2356.442725574445,-565.032103422521,99.39830923958242,-1.4513049095354538,LAND,valid,operator,0,0,0
352,2364.720382352112,-564.2826003686783,99.3692231721223,-1.4936421141796548,LAND,valid,operator,0,0,0
353,2372.990251425701,-563.5377136382876,99.35094969241659,-1.5474207284868056,LAND,valid,operator,0,0,0
354,2381.2529205344936,-562.7966244966324,99.28215401298652,-1.5362058631277258,NAV,valid,operator,0,0,0
355,2389.5057130165924,-562.0545959594863,99.25073545758055,-1.5061578988927309,ARM,valid,operator,0,0,0
356,2397.74847016852,-561.3163395797784,99.21430493331756,-1.489531283237849,TAKEOFF,valid,operator,0,0,0
357,2405.981143256451,-560.5755703957376,99.25288159630567,-1.5300039696927152,NAV,valid,operator,0,0,0
358,2414.2001814630903,-559.8379347942537,99.29333766185518,-1.4961297275881456,HOLD,valid,operator,0,0,0
359,2422.407589389076,-559.1027066170037,99.28604713895074,-1.5333227739429272,DISARM,valid,operator,0,0,0
360,2430.603216195681,-558.3672412688619,99.2664451491572,-1.5593997061822462,DISARM,valid,operator,0,0,0
361,2438.788540851776,-557.6353601955391,99.27344136475915,-1.6065973824183464,ARM,valid,operator,0,0,0
362,2446.9652910255245,-556.9100376110971,99.23261260938638,-1.5415394649857448,RTL,valid,operator,0,0,0
363,2455.1271772463006,-556.189383986486,99.175271005278,-1.5098683879343773,NAV,valid,operator,0,0,0
364,2463.2768930104558,-555.473472735847,99.12825994483173,-1.4796187191504335,TAKEOFF,valid,operator,0,0,0
365,2471.419157998679,-554.765743528206,99.09651928663315,-1.417258148093311,HOLD,valid,operator,0,0,0
366,2479.547204800673,-554.0637831134032,99.03834559664354,-1.276625685681375,ARM,valid,operator,0,0,0
367,2487.660712643853,-553.3690051843096,99.04644857459668,-1.3620869908768827,NAV,valid,operator,0,0,0
368,2495.7626779543643,-552.6776546646195,99.08293435828587,-1.399005819920738,HOLD,valid,operator,0,0,0
369,2503.8549573197315,-551.9921097214378,99.00357944324595,-1.429814574129464,TAKEOFF,valid,operator,0,0,0
370,2511.934989849621,-551.3133729634403,99.00483587880676,-1.4723555552485987,RTL,valid,operator,0,0,0
371,2520.006673810002,-550.6412593216257,98.99383908904343,-1.5262347176287843,HOLD,valid,operator,0,0,0
372,2528.0685460726736,-549.9752151655207,99.01091452332028,-1.5412173708315526,LAND,valid,operator,0,0,0
373,2536.120522825907,-549.3145301494907,99.0102675849151,-1.6020475565960228,TAKEOFF,valid,operator,0,0,0
374,2544.161709831724,-548.663316191637,98.93758762091852,-1.5852954382191522,ARM,valid,operator,0,0,0
375,2552.197404354798,-548.0219037098984,98.87446815597566,-1.5827105221477216,HOLD,valid,operator,0,0,0
376,2560.2199924023816,-547.3853691671019,98.8759393347549,-1.5586590889095389,TAKEOFF,valid,operator,0,0,0
377,2568.2240711507484,-546.7575784162065,98.92737838074218,-1.5332726663276262,RTL,valid,operator,0,0,0
378,2576.2204639992415,-546.1411647207944,98.81666901219003,-1.5031223236562923,ARM,valid,operator,0,0,0
379,2584.202992967126,-545.531882323563,98.83395534118011,-1.5217927704974863,RTL,valid,operator,0,0,0
380,2592.1733704810003,-544.9299013922071,98.89343644144449,-1.415735600365803,DISARM,valid,operator,0,0,0
381,2600.135225035089,-544.3402220543419,98.88578514763418,-1.4040140445416982,ARM,valid,operator,0,0,0
382,2608.0798524640677,-543.7588313085841,98.9132952724355,-1.497138282172938,NAV,valid,operator,0,0,0
383,2616.008343632583,-543.1847230609625,98.87814181839062,-1.5472570694612489,LAND,valid,operator,0,0,0
384,2623.9196964140556,-542.6189697417897,98.87217350842677,-1.6342822189126396,HOLD,valid,operator,0,0,0
385,2631.8163867077064,-542.0611556224544,98.79112783251136,-1.6334154874550741,TAKEOFF,valid,operator,0,0,0
386,2639.7021779811557,-541.5163670779693,98.67391066709042,-1.639505748657741,TAKEOFF,valid,operator,0,0,0
387,2647.5773936728538,-540.9806355479868,98.72104895715168,-1.6629270335527138,LAND,valid,operator,0,0,0
388,2655.4413674187463,-540.4556747415529,98.67179921076546,-1.562380727932688,DISARM,valid,operator,0,0,0
389,2663.2891170194152,-539.9421066724946,98.64902281851529,-1.5349315842288425,NAV,valid,operator,0,0,0
390,2671.11804287374,-539.4368695327755,98.57970070585178,-1.4986266661565257,HOLD,valid,operator,0,0,0
391,2678.935338197334,-538.9386851742203,98.50920222069759,-1.5451803405536308,LAND,valid,operator,0,0,0
392,2686.7395318165,-538.4469766396702,98.50051033569285,-1.5951375851201814,TAKEOFF,valid,operator,0,0,0
393,2694.5335317354156,-537.963070586209,98.46403147598608,-1.5932973101653336,TAKEOFF,valid,operator,0,0,0
394,2702.318187408442,-537.4905580002223,98.4829300258858,-1.5846469531827223,LAND,valid,operator,0,0,0
395,2710.0919366057387,-537.0284973974689,98.50555694683479,-1.677462531538445,TAKEOFF,valid,operator,0,0,0
396,2717.856780984388,-536.5760596026911,98.52159942915101,-1.6864778826809217,LAND,valid,operator,0,0,0
397,2725.6112707517777,-536.1349550455689,98.53352946869744,-1.6857742785372465,HOLD,valid,operator,0,0,0
398,2733.3564583414645,-535.7053177584355,98.61241787894403,-1.6965317368258028,DISARM,valid,operator,0,0,0
399,2741.088796220486,-535.2856377126585,98.55903819049179,-1.7372012574431366,ARM,valid,operator,0,0,0
400,2748.810022964788,-534.8781833938407,98.55629144718165,-1.7641780165391936,DISARM,valid,operator,0,0,0
401,2756.5214377346447,-534.4847080175962,98.61292593820762,-1.7730209762178335,TAKEOFF,valid,operator,0,0,0
402,2764.225088286036,-534.1045971935339,98.67615292867453,-1.7684809750373311,ARM,valid,operator,0,0,0
403,2771.9175146996567,-533.7354718752049,98.60506474620729,-1.7382413959098026,LAND,valid,operator,0,0,0
404,2779.6016508669236,-533.3789792030367,98.5894469741245,-1.684198585662259,HOLD,valid,operator,0,0,0
405,2787.275331094098,-533.0344386180627,98.65735302891787,-1.6989159718386215,LAND,valid,operator,0,0,0
406,2794.939201631658,-532.7011829742195,98.68275698417781,-1.7217237816443893,ARM,valid,operator,0,0,0
407,2802.5963109341938,-532.3818403592977,98.6925201357518,-1.699840997967674,ARM,valid,operator,0,0,0
408,2810.238404315245,-532.0738121344572,98.68163590108007,-1.6692987521471314,HOLD,valid,operator,0,0,0
409,2817.8677902383915,-531.7781157091329,98.66244585479468,-1.6910087738100756,DISARM,valid,operator,0,0,0
410,2825.484135774861,-531.498731115995,98.6768568079492,-1.651489099961767,NAV,valid,operator,0,0,0
411,2833.0851162137888,-531.2293361186167,98.66423810169998,-1.6025098329039684,LAND,valid,operator,0,0,0
412,2840.675932418899,-530.9746924358312,98.66210917064775,-1.5379255096210347,DISARM,valid,operator,0,0,0
413,2848.261107374532,-530.737664429967,98.6660391059535,-1.4490094642850435,DISARM,valid,operator,0,0,0
414,2855.8377829468236,-530.516877387887,98.63213552952884,-1.4923302712180155,HOLD,valid,operator,0,0,0
415,2863.4076567559596,-530.3123585841945,98.65874199822291,-1.49163536075139,RTL,valid,operator,0,0,0
416,2870.9736573036453,-530.1216125979408,98.80445423064367,-1.4910714759204569,HOLD,valid,operator,0,0,0
417,2878.536758678084,-529.9454975954413,98.71560489867737,-1.4959751543470823,RTL,valid,operator,0,0,0
418,2886.0930333905435,-529.78423582205,98.73180552488687,-1.528438300327589,HOLD,valid,operator,0,0,0
419,2893.6470167327816,-529.6355980433812,98.69379602045592,-1.6027164004891425,HOLD,valid,operator,0,0,0
420,2901.19519541726,-529.5003176255813,98.72266614933189,-0.20318091867147903,HOLD,valid,operator,0,0,1
421,2908.73505575994,-529.3785088517432,104.33509147911077,-2.0286572905151536,RTL,valid,operator,0,0,1
422,2916.267605273698,-529.2699990415192,102.74182271114518,-1.5413574245660677,LAND,valid,operator,0,0,1
423,2923.790467523898,-529.1743407316897,96.03352305826323,-0.6514923689050387,DISARM,valid,operator,0,0,1
424,2931.3057049707295,-529.0981146680301,92.87522990182593,0.16931062844546507,RTL,valid,operator,0,0,1
425,2938.815196317989,-529.0371745975518,97.45219177510961,-2.2343343393195028,ARM,valid,operator,0,0,1
426,2946.3227176429773,-528.9959117918813,103.70877406150747,-1.7227776885057804,RTL,valid,operator,0,0,1
427,2953.831314510154,-528.9690358473212,103.78829667640326,-0.038810839371091976,NAV,valid,operator,0,0,1
428,2961.3319746295974,-528.9566682866453,97.4332526029106,-2.9393466979310547,ARM,valid,operator,0,0,1
429,2968.8303219611316,-528.9563077807254,92.96678551183489,-0.6306799101997872,ARM,valid,operator,0,0,1
430,2976.322357505338,-528.9676275532875,96.0737059369185,-2.4477327644701528,RTL,valid,operator,0,0,1
431,2983.8129300938444,-528.9930007321951,102.79924242454562,-1.4929017213955456,DISARM,valid,operator,0,0,1
432,2991.30052728829,-529.0341195030857,104.4379008459206,-1.8678293664754522,HOLD,valid,operator,0,0,1
433,2998.7803561577575,-529.0886184635978,98.82695149534125,-2.432541192107645,HOLD,valid,operator,0,0,1
434,3006.2610022594845,-529.1589240456337,93.23100746862924,-2.5012964753656513,ARM,valid,operator,0,0,1
435,3013.7381748788684,-529.2437628257769,94.91659473334346,-1.419929016218257,RTL,valid,operator,0,0,1
436,3021.2123975323384,-529.3407501679264,101.59540869928568,-0.7746714947610498,ARM,valid,operator,0,0,1
437,3028.6823737210034,-529.4535720855865,104.81201386519727,-1.791929093645986,LAND,valid,operator,0,0,1
438,3036.1496615581154,-529.5789321419966,100.29206870183222,-1.6571899932386032,LAND,valid,operator,0,0,1
439,3043.6178197240915,-529.7171092618864,93.9080824276887,-1.2214838373722103,DISARM,valid,operator,0,0,1
440,3051.085309232174,-529.8719869938257,93.83452666596942,-2.5485286068633117,TAKEOFF,valid,operator,0,0,1
441,3058.5539962820585,-530.0388980132577,100.23347628047553,-1.0486481340216067,TAKEOFF,valid,operator,0,0,1
442,3066.0242930017475,-530.2184598780818,104.633130146787,-1.0466462284577738,NAV,valid,operator,0,0,1
443,3073.499387631672,-530.4120565604162,101.49763563502323,0.6063383341088129,LAND,valid,operator,0,0,1
444,3080.9746013270105,-530.6217095733628,94.6559553615422,-2.050804260673279,TAKEOFF,valid,operator,0,0,1
445,3088.4468426542635,-530.84759404681,93.02726675050532,-2.1556100417034023,DISARM,valid,operator,0,0,1
446,3095.9240537242968,-531.0888762042823,98.6314057647514,-1.1303754865920626,TAKEOFF,valid,operator,0,0,1
447,3103.4023471705204,-531.342896693228,104.29998012822861,-1.122482186809437,ARM,valid,operator,0,0,1
448,3110.886368702002,-531.6131798637261,102.65968586311023,-2.343989598711866,TAKEOFF,valid,operator,0,0,1
449,3118.3742306498525,-531.8963061911602,95.85790395334557,-2.166973965415678,LAND,valid,operator,0,0,1
450,3125.864693765903,-532.1962253307154,92.66465960622126,-1.3689389005258807,RTL,valid,operator,0,0,1
451,3133.359500214676,-532.5103616802221,97.24866300352194,-2.6050084656588863,NAV,valid,operator,0,0,1
452,3140.863757069894,-532.8378726290898,103.64927503306828,-2.1959060052164596,RTL,valid,operator,0,0,1
453,3148.378140350953,-533.1730588199805,103.62999353399218,-1.864855292377451,RTL,valid,operator,0,0,1
454,3155.8969229406084,-533.5249954461301,97.24437403190669,-0.9974546582720649,HOLD,valid,operator,0,0,1
455,3163.420670328831,-533.8867409938549,92.64565591851438,-2.4970607577840056,HOLD,valid,operator,0,0,1
456,3170.9524209234132,-534.2613611447936,95.83299384088264,-3.594468244377177,ARM,valid,operator,0,0,1
457,3178.486696295985,-534.648116801779,102.51207803720524,-3.648925791835425,TAKEOFF,valid,operator,0,0,1
458,3186.0273167525283,-535.0475944982284,104.18102936716478,-3.0032305115313633,HOLD,valid,operator,0,0,1
459,3193.5734862641502,-535.458890381165,98.57736299067687,-3.02406347883111,ARM,valid,operator,0,0,1
460,3201.12650139833,-535.8833158360367,98.69671058065555,-1.961077057037665,HOLD,valid,operator,0,0,0
461,3208.6831938885716,-536.3168832766839,98.64170380296933,-2.0003160193954646,ARM,valid,operator,0,0,0
462,3216.241564842655,-536.7640447571598,98.6365706984173,-1.9934057629278006,LAND,valid,operator,0,0,0
463,3223.800429687326,-537.2208500549918,98.72648508346344,-2.0031547572337898,ARM,valid,operator,0,0,0
464,3231.3629166998207,-537.6914215992599,98.78605456547803,-1.9792742207459513,ARM,valid,operator,0,0,0
465,3238.9312591271682,-538.1742120588451,98.75124396289903,-1.939805892962466,RTL,valid,operator,0,0,0
466,3246.5062060215905,-538.6715000935817,98.7624423343177,-1.909383306140982,TAKEOFF,valid,operator,0,0,0
467,3254.094696575182,-539.1794675485601,98.76254230213846,-1.9200970532687052,NAV,valid,operator,0,0,0
468,3261.694480166184,-539.6955808992669,98.77664009550816,-2.0124139038247293,NAV,valid,operator,0,0,0
469,3269.2995906486058,-540.2233329843864,98.74170607370891,-2.03518796626747,TAKEOFF,valid,operator,0,0,0
470,3276.9141903956624,-540.7628457702818,98.73724005357388,-2.014369558860522,LAND,valid,operator,0,0,0
471,3284.536242743232,-541.3161531759808,98.65733743481005,-2.068891921488046,RTL,valid,operator,0,0,0
472,3292.1663381095896,-541.880958111354,98.66409360740344,-2.037328184981967,TAKEOFF,valid,operator,0,0,0
473,3299.8061022785005,-542.4603570496508,98.68659464107454,-1.991908520118602,RTL,valid,operator,0,0,0
474,3307.457047806449,-543.0525387005505,98.67522367044235,-1.9855651713038098,RTL,valid,operator,0,0,0
475,3315.116504597613,-543.654584877781,98.5944711259131,-2.1387541646194297,HOLD,valid,operator,0,0,0
476,3322.788881219687,-544.2636878027504,98.64389771905569,-2.20265858275502,RTL,valid,operator,0,0,0
477,3330.467753461181,-544.8760811884324,98.66212397095532,-2.1083491248272157,DISARM,valid,operator,0,0,0
478,3338.156753111174,-545.4997218160047,98.62582321607027,-2.1356760144786344,HOLD,valid,operator,0,0,0
479,3345.8638348134564,-546.1295607791765,98.61179319372837,-2.234883175635084,NAV,valid,operator,0,0,0
480,3353.582048995565,-546.7682582229609,98.53675972358927,-2.1731208062195706,HOLD,valid,operator,0,0,0
481,3361.3151937320954,-547.4165594565254,98.48548921720038,-2.172453026642387,LAND,valid,operator,0,0,0
482,3369.0594049663932,-548.0728575129717,98.45859864988252,-2.1172060021945005,RTL,valid,operator,0,0,0
483,3376.8163047509306,-548.7378332868504,98.52001969049653,-2.1033580684335322,ARM,valid,operator,0,0,0
484,3384.584127845529,-549.4111587776977,98.48804452095216,-2.080430111622924,HOLD,valid,operator,0,0,0
485,3392.3626738845433,-550.0938644368173,98.5200552039186,-2.062279649237198,LAND,valid,operator,0,0,0
486,3400.1502491300507,-550.7881084529346,98.49313939377552,-2.027405233641148,TAKEOFF,valid,operator,0,0,0
487,3407.9506093154314,-551.4940200834706,98.50553677181811,-1.9135337112133433,DISARM,valid,operator,0,0,0
488,3415.7600281237546,-552.2061042280422,98.49846699671092,-1.864983394415384,LAND,valid,operator,0,0,0
489,3423.583168863117,-552.926367583701,98.54211982671556,-1.9440003603076608,LAND,valid,operator,0,0,0
490,3431.4213952517903,-553.6553490284336,98.51537925980463,-1.9216672845437155,ARM,valid,operator,0,0,0
491,3439.272648242718,-554.3913674712035,98.4367528473045,-1.8645932461385546,RTL,valid,operator,0,0,0
492,3447.13505926122,-555.1323030909703,98.36765539573632,-1.8044582058117473,HOLD,valid,operator,0,0,0
493,3455.0109312058858,-555.8793961983993,98.3410615210392,-1.8257884549647023,RTL,valid,operator,0,0,0
494,3462.898050854962,-556.6344173669515,98.27860852250528,-1.767541232705296,LAND,valid,operator,0,0,0
495,3470.800217954961,-557.392610029553,98.29911912328926,-1.7211541127277357,NAV,valid,operator,0,0,0
496,3478.7091910821173,-558.1528862906588,98.27583071504635,-1.5925282408792492,HOLD,valid,operator,0,0,0
497,3486.6295093811877,-558.9176063644251,98.39456104254768,-1.6300283276916747,RTL,valid,operator,0,0,0
498,3494.556251267307,-559.685375637966,98.30767531279082,-1.655398356511696,LAND,valid,operator,0,0,0
499,3502.490940275873,-560.4553036628405,98.31785697172631,-1.6707043089346938,LAND,valid,operator,0,0,0
500,3510.442181688187,-561.2274106688594,98.26145932055103,-1.6952154164366326,NAV,valid,operator,0,0,0
501,3518.4085901970166,-562.002685203647,98.2367892535319,-1.7397164539248129,DISARM,valid,operator,0,0,0
502,3526.385334730673,-562.7809136853117,98.24386022719892,-1.8778502292085,ARM,valid,operator,0,0,0
503,3534.3700713348107,-563.5620321231936,98.1275916584552,-1.8995852028946567,HOLD,valid,operator,0,0,0
504,3542.3584112367753,-564.3496671072784,98.13943296429461,-1.8811172999096615,RTL,valid,operator,0,0,0
505,3550.3576070299005,-565.1392478021817,98.23457833740832,-1.905778392184957,ARM,valid,operator,0,0,0
506,3558.376532135512,-565.935453208499,98.21190642248989,-1.8090093330085015,HOLD,valid,operator,0,0,0
507,3566.409203859018,-566.7366786086106,98.22489681533017,-1.8083405423727084,RTL,valid,operator,0,0,0
508,3574.4526049525502,-567.5376295758326,98.27614289998644,-1.7437890896135015,RTL,valid,operator,0,0,0
509,3582.509767740752,-568.3391583626222,98.26794522498508,-1.7307180689770032,ARM,valid,operator,0,0,0
510,3590.57456474646,-569.1394511085482,98.23889721555851,-1.6893977034823402,TAKEOFF,valid,operator,0,0,0
511,3598.6507298153865,-569.9424681836448,98.12511039537242,-1.6754356257856622,TAKEOFF,valid,operator,0,0,0
512,3606.73938862866,-570.7500608771861,98.15715993134216,-1.6069963941904841,RTL,valid,operator,0,0,0
513,3614.839912108854,-571.5597781533983,98.15150151085572,-1.6041994266838642,NAV,valid,operator,0,0,0
514,3622.9548510567756,-572.3705348884997,98.10086731828632,-1.579393391279425,RTL,valid,operator,0,0,0
515,3631.082779543711,-573.182122760728,98.1071971538002,-1.5610767445969227,LAND,valid,operator,0,0,0
516,3639.224573694145,-573.9917465484814,98.07801313595989,-1.5754910175032886,LAND,valid,operator,0,0,0
517,3647.3760610827458,-574.8027299223986,98.05159182940412,-1.5552419015570547,TAKEOFF,valid,operator,0,0,0
518,3655.541890593563,-575.6130965763797,98.08190638720956,-1.4435225892471706,DISARM,valid,operator,0,0,0
519,3663.7241386321493,-576.4257996485441,98.01498726664336,-1.4570424363519427,TAKEOFF,valid,operator,0,0,0
520,3671.914883773091,-577.2371212344898,98.06735303094705,-1.4360691917092803,ARM,valid,operator,0,0,0
521,3680.114242082619,-578.047870296798,97.99746872279113,-1.373180244165808,ARM,valid,operator,0,0,0
522,3688.3287456580565,-578.859589696428,97.96433365237337,-1.3161675801185941,TAKEOFF,valid,operator,0,0,0
523,3696.5536678109474,-579.670781994377,98.0604809620767,-1.3155817592326258,DISARM,valid,operator,0,0,0
524,3704.79364186392,-580.48105970585,98.11684870015881,-1.4347511943804938,TAKEOFF,valid,operator,0,0,0
525,3713.042969797233,-581.2903661137021,98.12172889978359,-1.4089160534480705,RTL,valid,operator,0,0,0
526,3721.3071787307404,-582.0935390943924,98.07470238900852,-1.519889766379223,NAV,valid,operator,0,0,0
527,3729.58212578908,-582.8948042272597,98.04823877367353,-1.4463929048321615,ARM,valid,operator,0,0,0
528,3737.868012540733,-583.6942493912943,98.05190253940282,-1.4379192112724986,HOLD,valid,operator,0,0,0
529,3746.1685734399584,-584.4960627119867,98.0537787010198,-1.387935510278899,ARM,valid,operator,0,0,0
530,3754.4778377707503,-585.2970968797474,98.0492351545385,-1.4330410671879517,HOLD,valid,operator,0,0,0
531,3762.793870110099,-586.0955786152127,98.04769352883429,-1.5106664408529544,HOLD,valid,operator,0,0,0
532,3771.117944769218,-586.8922650831186,98.03697477334903,-1.497628721645896,HOLD,valid,operator,0,0,0
533,3779.4525552129307,-587.6819377709433,97.96487583656703,-1.4993088936437031,TAKEOFF,valid,operator,0,0,0
534,3787.7914321960743,-588.4680534820372,97.93905029945898,-1.5238859349515614,LAND,valid,operator,0,0,0
535,3796.140964840386,-589.2468702606908,97.98478150215833,-1.5196528709149233,RTL,valid,operator,0,0,0
536,3804.497398386773,-590.021079833725,97.91636478728077,-1.3812810763133103,TAKEOFF,valid,operator,0,0,0
537,3812.8655612317552,-590.7904899712457,97.90688701170382,-1.3395547989448575,HOLD,valid,operator,0,0,0
538,3821.2345906226265,-591.5551537143373,97.86589931526527,-1.2870798686516915,ARM,valid,operator,0,0,0
539,3829.6090680786,-592.314601062785,97.87146683673518,-1.2448830240740238,DISARM,valid,operator,0,0,0
540,3837.986047448575,-593.0644699632173,97.85203517768184,-1.170909916881414,LAND,valid,operator,0,0,0
541,3846.3678582790544,-593.8142083357257,97.92590486093057,-1.1804135005264513,NAV,valid,operator,0,0,0
542,3854.7574665179854,-594.562810454142,97.95123401864008,-1.283151565910216,RTL,valid,operator,0,0,0
543,3863.1533313408536,-595.3065358120342,97.88564386035122,-1.2925808725605163,RTL,valid,operator,0,0,0
544,3871.5549659017024,-596.0438075688927,97.9192052609319,-1.2519940870606912,RTL,valid,operator,0,0,0
545,3879.96238430454,-596.7727680992531,97.8804726681188,-1.3004841068164448,ARM,valid,operator,0,0,0
546,3888.376401881451,-597.4937042026296,97.85162284954993,-1.3093024043409114,DISARM,valid,operator,0,0,0
547,3896.7931067293976,-598.2084417139569,97.86731380055528,-1.343890891491027,DISARM,valid,operator,0,0,0
548,3905.2173653048767,-598.9133833275614,97.84272642956877,-1.2687894288988706,DISARM,valid,operator,0,0,0
549,3913.648761960765,-599.6082752984696,97.88736922038493,-1.2313165781285424,DISARM,valid,operator,0,0,0
550,3922.0861774982186,-600.2949238807657,97.84864371730926,-1.1987395470963444,DISARM,valid,operator,0,0,0
551,3930.52983704931,-600.9712385379698,97.81769638967968,-1.1676594814402959,LAND,valid,operator,0,0,0
552,3938.978668054412,-601.6386560548611,97.78487784500228,-1.169521944067902,ARM,valid,operator,0,0,0
553,3947.4375915898927,-602.298961819389,97.75659590758453,-1.159644129941527,HOLD,valid,operator,0,0,0
554,3955.899943771854,-602.9489197883174,97.81155548536192,-1.2189033589681428,TAKEOFF,valid,operator,0,0,0
555,3964.3647649455925,-603.5897283940482,97.84299530004243,-1.3282254579056711,TAKEOFF,valid,operator,0,0,0
556,3972.8304139716683,-604.2214419726685,97.92849249774304,-1.3207214013884199,LAND,valid,operator,0,0,0
557,3981.295750908288,-604.8403237369367,98.04187470793799,-1.3045218885748127,LAND,valid,operator,0,0,0
558,3989.75983365123,-605.4555890274478,97.99033885634138,-1.2440586601535437,HOLD,valid,operator,0,0,0
559,3998.223422197614,-606.06455949195,97.99385981270774,-1.1654918693494254,LAND,valid,operator,0,0,0
560,4006.6886625143816,-606.666486161927,97.93504979687557,-1.086991945099478,ARM,valid,operator,0,0,0
561,4015.1564599793865,-607.259199668623,97.89616950048816,-1.136893124764172,TAKEOFF,valid,operator,0,0,0
562,4023.625654613379,-607.8422503545936,97.86466537497537,-1.1545063765116605,DISARM,valid,operator,0,0,0
563,4032.0934850870135,-608.4184592465191,97.81180763126847,-1.1304896617175915,HOLD,valid,operator,0,0,0
564,4040.564636679728,-608.9863911044048,97.75921326762355,-1.0038944278304827,HOLD,valid,operator,0,0,0
565,4049.038314807928,-609.5455690490096,97.75199904869753,-0.9298894676447869,HOLD,valid,operator,0,0,0
566,4057.5115098280785,-610.0878542992311,97.69116312777821,-0.8739196095448678,TAKEOFF,valid,operator,0,0,0
567,4065.982429478674,-610.6146491835327,97.73326947573509,-0.8933090073223323,LAND,valid,operator,0,0,0
568,4074.4543655317957,-611.1310984637073,97.68738179886422,-0.9374689888800886,LAND,valid,operator,0,0,0
569,4082.925924757358,-611.6369226701738,97.82786024736903,-0.8980235947109266,RTL,valid,operator,0,0,0
570,4091.3918875736726,-612.1338472225324,97.80529102482082,-0.9530566579226446,NAV,valid,operator,0,0,0
571,4099.856083925077,-612.6235373277784,97.80889190691667,-0.9649784754716597,RTL,valid,operator,0,0,0
572,4108.3191943396305,-613.1015416742986,97.74412484769337,-0.9707173729217559,DISARM,valid,operator,0,0,0
573,4116.777425275359,-613.569826239019,97.82942943559975,-0.8910717684656154,RTL,valid,operator,0,0,0
574,4125.233738359298,-614.0260554677948,97.8854044696399,-0.9088066336135993,HOLD,valid,operator,0,0,0
575,4133.682894160842,-614.4737259151694,97.9002502631767,-1.03076911554223,TAKEOFF,valid,operator,0,0,0
576,4142.132962018196,-614.9106896264079,97.83291013573772,-1.0055468831591066,HOLD,valid,operator,0,0,0
577,4150.583375470676,-615.3346291022287,97.84344347962396,-1.040497975814303,NAV,valid,operator,0,0,0
578,4159.029333487786,-615.7448942765712,97.7873719273231,-1.0383664245924156,RTL,valid,operator,0,0,0
579,4167.472386667057,-616.1412384814817,97.86048969049676,-1.0427016596345218,ARM,valid,operator,0,0,0
580,4175.903920058968,-616.5277134555737,97.90094942708942,-1.0563868594254102,TAKEOFF,valid,operator,0,0,0
581,4184.327402246944,-616.8989837219814,97.9057213790138,-1.016869830336175,LAND,valid,operator,0,0,0
582,4192.745131661421,-617.2589103251095,97.78390259585144,-1.0935130742538104,NAV,valid,operator,0,0,0
583,4201.154487008795,-617.6039475732007,97.73473179691848,-1.1193637855015284,HOLD,valid,operator,0,0,0
584,4209.560544869655,-617.9355379532607,97.76911985349848,-1.0851618898456592,HOLD,valid,operator,0,0,0
585,4217.966874336468,-618.2568618112135,97.82976403808463,-1.1158661286128777,HOLD,valid,operator,0,0,0
586,4226.3636776427975,-618.5652817260805,97.88522252865924,-1.1963064640763763,LAND,valid,operator,0,0,0
587,4234.751699957404,-618.8590735014272,97.80562187854717,-1.1628786969135396,TAKEOFF,valid,operator,0,0,0
588,4243.133891648092,-619.1375589901073,97.82069949388782,-1.1067239653914627,LAND,valid,operator,0,0,0
589,4251.514115436083,-619.4024683502571,97.87147525471197,-1.108973725773613,TAKEOFF,valid,operator,0,0,0
590,4259.883610818435,-619.6497122115626,97.78855847643285,-1.2070160056970896,NAV,valid,operator,0,0,0
591,4268.246536407965,-619.8804787118995,97.78816325066418,-1.1717175183621487,RTL,valid,operator,0,0,0
592,4276.607357947197,-620.0977363889721,97.80185537057962,-1.254711912433133,DISARM,valid,operator,0,0,0
593,4284.955409946191,-620.299008191751,97.78681714133728,-1.2392719485907246,TAKEOFF,valid,operator,0,0,0
594,4293.29156304249,-620.4813972087395,97.69420904856722,-1.2836451398278326,RTL,valid,operator,0,0,0
595,4301.618153226162,-620.6447879896426,97.67792414306354,-1.3416371041161808,ARM,valid,operator,0,0,0
596,4309.9346583363385,-620.7967862304517,97.66155887155078,-1.3637326049701652,ARM,valid,operator,0,0,0
597,4318.244852053467,-620.9366264844341,97.65415525132339,-1.3728974827915281,LAND,valid,operator,0,0,0
598,4326.54680113215,-621.0584840946883,97.62598168005213,-1.4051078953108505,LAND,valid,operator,0,0,0
599,4334.834240892075,-621.168430334905,97.60383107239007,-1.375672731400093,NAV,valid,operator,0,0,0
